{"cameraMode":{"drawMode":0,"name":"Shaded","section":"Shading Mode"},"sceneLighting":true,"audioPlay":false,"sceneViewState":{"showFog":true,"showMaterialUpdate":false,"showSkybox":true,"showFlares":true,"showImageEffects":true,"showParticleSystems":true},"in2DMode":false,"pivot":{"x":79.69464111328125,"y":-8.70622730255127,"z":10.133139610290528},"rotation":{"x":0.47800663113594057,"y":0.03818614035844803,"z":-0.020807139575481416,"w":0.8772791028022766},"size":43.94808578491211,"orthographic":false}